Spectrum	Peptide	Peptide Length	Class	Hyperscore	SmProt_Hits	SmProt_Protein_Length	SmProt_Full_Description	SmProt_Full_Sequence
GR_LCL_2D_ETHCD_fr2_immunopeptidome.04129.04129.2	ALSPVLIPR	9	Spliced_only	31.535	SPROHSA55672; SPROHSA86310; SPROHSA172336; SPROHSA288802	25	SPROHSA55672	TARESRALSPVLLPRAAVALRPLE*
GR_LCL_2D_ETHCD_fr2_immunopeptidome.01993.01993.2	APRAPPAAL	9	Spliced_only	28.583	SPROHSA79375; SPROHSA195843; SPROHSA337179	98	SPROHSA79375	RPFSTGGPGNRSLHHRGTVLRAPRLTRPSPLRRCLLPSSFPRALSFARPRLPCPPASPRPPWLRMARAAAPRAPPAALLRPKARLLPRLSLKSSKSR*
GR_LCL_2D_ETHCD_fr5_immunopeptidome.02606.02606.2	GRLALAAAR	9	Spliced_only	46.773	SPROHSA197444	33	SPROHSA197444	MAGRLALAAARAPGLVFISVSFVLRGPACVAL*
GR_LCL_2D_ETHCD_fr4_immunopeptidome.02824.02824.2	GRTPLMISK	9	Spliced_only	34.054	SPROHSA72392	26	SPROHSA72392	RSFFLLPPFWKVLLSFGRTPIMISK*
GR_LCL_2D_ETHCD_fr2_immunopeptidome.04576.04576.2	IISIVTGLK	9	Spliced_only	36.04	SPROHSA155485; SPROHSA246158	20	SPROHSA155485	MSRISLLSLVTGLKTSQLV*
GR_LCL_2D_ETHCD_fr3_immunopeptidome.01665.01665.2	IPSGGRQSL	9	Spliced_only	27.836	SPROHSA28061; SPROHSA80966; SPROHSA149703; SPROHSA171909; SPROHSA187854; SPROHSA211275; SPROHSA233745; SPROHSA291159; SPROHSA345414; SPROHSA381578	45	SPROHSA28061	KEHGTWDMTAPSIPSGGRQSLSVRQHPAFMRTVCCLLTEPPVVY*
GR_LCL_2D_ETHCD_fr7_immunopeptidome.04024.04024.3	KRNPKAFAF	9	Spliced_only	28.91	SPROHSA209; SPROHSA4017; SPROHSA26441; SPROHSA185105; SPROHSA266162	88	SPROHSA209	KKNSGPKAAKKKKRHLQDLQLGDEEDAWKRNPKAFAFQSAVWMARSFHRTQDLKTKKHHIPVVDRTPLEPPPIVVVVMGPPKLERAL*
GR_LCL_2D_ETHCD_fr2_immunopeptidome.02958.02958.2	LPPPARPPI	9	Spliced_only	22.59	SPROHSA122842; SPROHSA149739; SPROHSA267908; SPROHSA269459; SPROHSA333305; SPROHSA333499	39	SPROHSA122842	IRLDSVPAPGPPLMTAAPLLPPPARPPLAAGWMRTVRR*
GR_LCL_2D_ETHCD_fr4_immunopeptidome.05407.05407.3	LVITRLLNK	9	Spliced_only	34.015	SPROHSA87299; SPROHSA213826; SPROHSA268959; SPROHSA300889	46	SPROHSA87299	RALSAAQLPSVTSGHLCSVFHNLVLTRLLNKSSDLRPAVNVVPER*
GR_LCL_2D_ETHCD_fr8_immunopeptidome.01372.01372.3	RPRASPRAL	9	Spliced_only	36.414	SPROHSA92421; SPROHSA296261; SPROHSA316670	61	SPROHSA92421	RVPSSAAPRPAARPRASPRALGPLPRWRGPDRRWCRRNQPNFRVSTVRSRGRTPSSWPSP*
GR_LCL_2D_ETHCD_fr6_immunopeptidome.01746.01746.2	RPRGPGASL	9	Spliced_only	30.458	SPROHSA110131; SPROHSA171185; SPROHSA238105; SPROHSA261157; SPROHSA308199; SPROHSA366359	97	SPROHSA110131	IFAGKQLEDGRTLSDYNIQKESTLHLVLRLRGGIIEPSLRQLAQKYNCDKMICRKSVVTPTTCVPRRRSNKVVLSLKGSLLPRPRGPGASIKCPFH*
GR_LCL_2D_ETHCD_fr8_immunopeptidome.01107.01107.3	RPRGPRTAP	9	Spliced_only	27.352	SPROHSA68800; SPROHSA196214	30	SPROHSA68800	RRRRKRRRRRAGPRGSAMARRPRGPRTAP*
GR_LCL_2D_ETHCD_fr9_immunopeptidome.02533.02533.4	RRKLIYEKI	9	Spliced_only	37.972	SPROHSA256917	95	SPROHSA256917	LRKKFAQKMLRKARRKLIYEKLKHYHKEYRQRYRTEIRMEKMSRKAGNFYEPAESRLAFVIRIRGIDGVSPKVRNVLQLLCLCQIFNGTFVKAN*
GR_LCL_2D_ETHCD_fr5_immunopeptidome.05665.05665.3	RRLQLIIAQ	9	Spliced_only	30.403	SPROHSA52574; SPROHSA194811; SPROHSA204392; SPROHSA253104	48	SPROHSA52574	TEAVAGFPCPRRMGNSRGAAAWGLKGAASATAMAAGSSRRLQLLLAQ*
GR_LCL_2D_ETHCD_fr2_immunopeptidome.03781.03781.2	VPSPRTLPL	9	Spliced_only	28.351	SPROHSA56898; SPROHSA120998; SPROHSA198519; SPROHSA284553; SPROHSA297165; SPROHSA298573; SPROHSA351251; SPROHSA363283	40	SPROHSA56898	TGRAARRASPRACAVPSPRTIPLPRPASGVRGRRETPEA*
